{
  "name": "dndestiny",
  "title": "DnDestiny",
  "description": "A modified DnD fifth edition system to work with the DnDestiny variation",
  "version": "1.1.0",
  "author": "Mallen",
  "scripts": [],
  "esmodules": ["dndestiny.js"],
  "styles": ["dndestiny.css"],
  "packs": [
    {
      "name": "racial-features",
      "label": "Racial Features",
      "system": "dndestiny",
      "module": "dndestiny",
      "path": "packs/racial-features.db",
      "entity": "Item"
    },
    {
      "name": "light-abilities",
      "label": "Light Abilities",
      "system": "dndestiny",
      "module": "dndestiny",
      "path": "packs/light-abilities.db",
      "entity": "Item"
    },
    {
      "name": "items",
      "label": "Items",
      "system": "dndestiny",
      "module": "dndestiny",
      "path": "packs/items.db",
      "entity": "Item"
    },
    {
      "name": "foundations",
      "label": "Foundations",
      "system": "dndestiny",
      "module": "dndestiny",
      "path": "packs/foundations.db",
      "entity": "Item"
    },
    {
      "name": "classes",
      "label": "Classes",
      "system": "dndestiny",
      "module": "dndestiny",
      "path": "packs/Classes.db",
      "entity": "Item"
    },
    {
      "name": "class-features",
      "label": "Class Features",
      "system": "dndestiny",
      "module": "dndestiny",
      "path": "packs/class-features.db",
      "entity": "Item"
    }
  ],
  "languages": [
    {
      "lang": "en",
      "name": "English",
      "path": "lang/en.json"
    }
  ],
  "socket": true,
  "gridDistance": 5,
  "gridUnits": "ft",
  "primaryTokenAttribute": "attributes.hp",
  "secondaryTokenAttribute": "attributes.shld",
  "minimumCoreVersion": "0.7.6",
  "compatibleCoreVersion": "0.7.8",
  "url": "https://github.com/Mallen-git/DnDestiny",
  "manifest": "https://raw.githubusercontent.com/Mallen-git/DnDestiny/master/system.json",
  "download": "https://github.com/Mallen-git/DnDestiny/archive/master.zip"
}
